Serial Port,Voltage (V),Average X,Average Y,Average Z

COM16,0.016191223771642036,-40.43,-5.1,-70.66
COM18,0.016191223771642036,-18.81,23.71,-48.59
COM19,0.016191223771642036,-62.14,9.1,-46.9
COM20,0.016191223771642036,-20.41,-35.16,-64.49
COM21,0.016191223771642036,-43.01,41.18,-62.97
COM16,0.03172802629347525,-41.08,21.87,-65.75
COM18,0.03172802629347525,-22.44,13.62,-61.39
COM19,0.03172802629347525,-60.49,54.24,-43.94
COM20,0.03172802629347525,-23.77,9.39,-60.57
COM21,0.03172802629347525,-53.57,53.38,-60.59
COM16,0.026461682628152693,-37.05,-9.53,-73.75
COM18,0.026461682628152693,-34.08,23.35,-50.37
COM19,0.026461682628152693,3.79,4.67,-44.09
COM20,0.026461682628152693,37.53,-36.22,-62.39
COM21,0.026461682628152693,10.73,38.53,-50.82
COM16,0.04662561689337128,-40.68,23.13,-67.57
COM18,0.04662561689337128,-22.03,14.08,-59.9
COM19,0.04662561689337128,-60.91,54.29,-39.81
COM20,0.04662561689337128,-23.64,9.29,-56.28
COM21,0.04662561689337128,-54.11,53.57,-62.99
COM16,0.09788540121152574,-39.74,2.17,-81.64
COM18,0.09788540121152574,-16.07,25.69,-41.83
COM19,0.09788540121152574,-63.53,11.06,-21.93
COM20,0.09788540121152574,-19.89,-33.93,-40.2
COM21,0.09788540121152574,-46.89,41.23,-75.62
COM16,0.04146795427649723,-36.79,-8.51,-75.39
COM18,0.04146795427649723,-33.3,23.79,-49.43
COM19,0.04146795427649723,3.74,5.18,-39.05
COM20,0.04146795427649723,37.26,-35.56,-58.05
COM21,0.04146795427649723,9.97,38.32,-53.15
COM16,0.14525713300664764,-39.13,6.54,-88.44
COM18,0.14525713300664764,-14.42,26.64,-37.41
COM19,0.14525713300664764,-64.05,12.3,-6.98
COM20,0.14525713300664764,-19.58,-33.9,-26.11
COM21,0.14525713300664764,-48.68,41.4,-83.01
COM16,0.26767285860609563,-34.58,13.17,-107.26
COM18,0.26767285860609563,-26.06,29.97,-30.05
COM19,0.26767285860609563,-0.19,10.0,31.91
COM20,0.26767285860609563,39.66,-34.12,10.61
COM21,0.26767285860609563,-0.25,38.69,-89.05
COM16,0.028069950443804993,-36.85,-9.36,-73.6
COM18,0.028069950443804993,-33.67,23.31,-49.91
COM19,0.028069950443804993,3.64,5.14,-42.36
COM20,0.028069950443804993,37.73,-35.78,-61.77
COM21,0.028069950443804993,10.93,38.35,-51.57
COM16,0.19478619584916412,-36.13,31.68,-90.43
COM18,0.19478619584916412,-32.47,17.53,-49.62
COM19,0.19478619584916412,2.97,51.87,7.39
COM20,0.19478619584916412,36.36,8.65,-12.84
COM21,0.19478619584916412,-7.87,51.09,-72.78
COM16,0.05435377297210665,-37.0,18.93,-70.6
COM18,0.05435377297210665,-36.75,13.69,-61.0
COM19,0.05435377297210665,5.25,48.99,-37.16
COM20,0.05435377297210665,35.07,7.9,-54.83
COM21,0.05435377297210665,-0.85,50.45,-49.9
COM16,0.11484194373529445,-36.14,-1.59,-85.49
COM18,0.11484194373529445,-30.58,25.92,-42.77
COM19,0.11484194373529445,2.33,6.61,-16.6
COM20,0.11484194373529445,38.58,-35.36,-35.55
COM21,0.11484194373529445,6.9,38.62,-64.64
COM16,0.1138528922755959,-35.63,-1.81,-85.13
COM18,0.1138528922755959,-30.93,25.54,-43.31
COM19,0.1138528922755959,2.5,6.58,-16.4
COM20,0.1138528922755959,38.63,-35.52,-36.29
COM21,0.1138528922755959,6.83,38.64,-64.7
COM16,0.27928384393283207,-37.7,18.56,-106.58
COM18,0.27928384393283207,-10.22,30.19,-26.74
COM19,0.27928384393283207,-65.92,15.18,35.48
COM20,0.27928384393283207,-17.77,-32.75,15.23
COM21,0.27928384393283207,-54.48,41.45,-104.1
COM16,0.043134227529724865,-39.97,22.77,-66.34
COM18,0.043134227529724865,-21.69,13.75,-59.17
COM19,0.043134227529724865,-60.33,53.86,-40.27
COM20,0.043134227529724865,-23.36,9.34,-57.47
COM21,0.043134227529724865,-53.64,53.12,-62.3
COM16,0.13848121982061978,-39.42,31.06,-79.99
COM18,0.13848121982061978,-18.79,16.01,-51.32
COM19,0.13848121982061978,-61.89,55.99,-10.68
COM20,0.13848121982061978,-22.55,9.85,-28.8
COM21,0.13848121982061978,-57.93,53.42,-77.37
COM16,0.12589088511626367,-39.52,29.97,-78.14
COM18,0.12589088511626367,-19.13,16.05,-52.23
COM19,0.12589088511626367,-61.65,55.66,-14.49
COM20,0.12589088511626367,-22.54,9.6,-33.17
COM21,0.12589088511626367,-57.33,53.51,-75.85
COM16,0.0450272518157944,-36.86,18.24,-68.77
COM18,0.0450272518157944,-37.22,13.64,-61.81
COM19,0.0450272518157944,5.84,48.64,-39.89
COM20,0.0450272518157944,34.83,7.75,-57.37
COM21,0.0450272518157944,0.2,50.63,-49.15
COM16,0.027877354351155823,-39.73,-5.22,-70.9
COM18,0.027877354351155823,-17.96,23.65,-47.13
COM19,0.027877354351155823,-62.14,9.63,-42.79
COM20,0.027877354351155823,-20.41,-34.37,-60.71
COM21,0.027877354351155823,-43.39,41.24,-65.45
COM16,0.03634642189540348,-39.8,-4.36,-71.98
COM18,0.03634642189540348,-17.47,23.75,-46.49
COM19,0.03634642189540348,-62.4,10.3,-40.06
COM20,0.03634642189540348,-20.35,-34.46,-58.27
COM21,0.03634642189540348,-43.39,41.27,-65.99
COM16,0.17932741609549094,-38.4,9.31,-92.27
COM18,0.17932741609549094,-13.52,27.54,-34.91
COM19,0.17932741609549094,-64.32,13.24,4.3
COM20,0.17932741609549094,-19.05,-33.53,-15.77
COM21,0.17932741609549094,-50.22,41.5,-88.4
COM16,0.10590503105218914,-39.33,3.04,-81.62
COM18,0.10590503105218914,-15.66,25.83,-40.77
COM19,0.10590503105218914,-63.32,11.59,-19.51
COM20,0.10590503105218914,-19.64,-33.81,-36.84
COM21,0.10590503105218914,-46.46,41.36,-77.0
COM16,0.1363851843233639,-36.3,26.23,-81.42
COM18,0.1363851843233639,-34.39,16.11,-54.69
COM19,0.1363851843233639,4.21,50.36,-11.66
COM20,0.1363851843233639,35.66,8.23,-29.88
COM21,0.1363851843233639,-4.95,50.38,-63.8
COM16,0.05332129735779578,-36.9,19.04,-69.99
COM18,0.05332129735779578,-36.7,14.1,-61.73
COM19,0.05332129735779578,5.5,48.69,-36.95
COM20,0.05332129735779578,34.89,7.64,-54.88
COM21,0.05332129735779578,-0.7,50.37,-50.46
COM16,0.0017267250938045153,-36.89,14.36,-62.82
COM18,0.0017267250938045153,-38.42,12.56,-65.95
COM19,0.0017267250938045153,6.43,47.86,-53.2
COM20,0.0017267250938045153,34.32,7.33,-70.83
COM21,0.0017267250938045153,2.18,50.61,-42.13
COM16,0.022107977330450744,-39.96,-5.6,-70.42
COM18,0.022107977330450744,-18.08,23.62,-47.36
COM19,0.022107977330450744,-61.83,9.79,-45.18
COM20,0.022107977330450744,-20.86,-34.6,-62.21
COM21,0.022107977330450744,-43.22,41.16,-64.18
COM16,0.17219920610644876,-35.58,29.82,-86.42
COM18,0.17219920610644876,-32.14,16.68,-49.89
COM19,0.17219920610644876,3.61,51.28,0.17
COM20,0.17219920610644876,35.83,8.32,-19.31
COM21,0.17219920610644876,-6.71,50.8,-69.48
COM16,0.05952032262685986,-39.45,-2.1,-75.63
COM18,0.05952032262685986,-16.78,24.59,-45.09
COM19,0.05952032262685986,-62.54,10.49,-33.18
COM20,0.05952032262685986,-19.32,-33.69,-49.52
COM21,0.05952032262685986,-44.77,41.13,-70.11
COM16,0.24915841681025316,-34.4,11.35,-104.47
COM18,0.24915841681025316,-26.53,29.09,-32.14
COM19,0.24915841681025316,0.47,9.69,25.69
COM20,0.24915841681025316,39.67,-34.61,5.22
COM21,0.24915841681025316,0.34,38.47,-86.56
COM16,0.20090365479225683,-34.77,7.12,-97.52
COM18,0.20090365479225683,-26.91,26.93,-35.42
COM19,0.20090365479225683,1.26,8.52,10.44
COM20,0.20090365479225683,39.04,-34.71,-9.81
COM21,0.20090365479225683,2.9,38.57,-78.15
COM16,0.05293962738491837,-39.44,-2.12,-74.66
COM18,0.05293962738491837,-17.22,24.01,-45.54
COM19,0.05293962738491837,-62.23,10.83,-35.23
COM20,0.05293962738491837,-20.22,-34.18,-53.34
COM21,0.05293962738491837,-44.53,41.06,-69.33
COM16,0.11979147532672445,-39.08,4.47,-83.72
COM18,0.11979147532672445,-15.1,25.81,-40.2
COM19,0.11979147532672445,-63.26,12.08,-14.77
COM20,0.11979147532672445,-19.97,-33.96,-33.29
COM21,0.11979147532672445,-47.57,41.23,-79.58
COM16,0.16848799135269227,-34.91,4.13,-92.52
COM18,0.16848799135269227,-29.02,26.74,-39.0
COM19,0.16848799135269227,1.97,7.92,1.01
COM20,0.16848799135269227,38.91,-35.08,-19.92
COM21,0.16848799135269227,4.36,38.51,-73.44
COM16,0.27986060061534024,-34.2,14.19,-108.1
COM18,0.27986060061534024,-25.48,29.97,-30.03
COM19,0.27986060061534024,-0.47,9.89,34.15
COM20,0.27986060061534024,39.82,-34.37,14.01
COM21,0.27986060061534024,-1.84,38.41,-90.78
COM16,0.14450919735711218,-38.43,6.89,-87.12
COM18,0.14450919735711218,-14.45,26.5,-38.01
COM19,0.14450919735711218,-63.74,12.48,-7.19
COM20,0.14450919735711218,-19.54,-33.8,-26.6
COM21,0.14450919735711218,-48.64,41.19,-82.77
COM16,0.2556187026042341,-34.15,11.98,-104.68
COM18,0.2556187026042341,-26.45,29.11,-32.3
COM19,0.2556187026042341,0.27,9.55,27.33
COM20,0.2556187026042341,39.58,-34.11,7.22
COM21,0.2556187026042341,0.86,38.83,-86.79
COM16,0.2646146352051081,-37.38,17.43,-103.8
COM18,0.2646146352051081,-10.82,29.68,-28.49
COM19,0.2646146352051081,-65.53,15.24,30.3
COM20,0.2646146352051081,-18.26,-32.39,10.37
COM21,0.2646146352051081,-53.77,41.16,-101.92
COM16,0.20242936427624927,-34.91,6.9,-97.67
COM18,0.20242936427624927,-28.1,27.96,-36.12
COM19,0.20242936427624927,1.8,8.86,11.26
COM20,0.20242936427624927,39.21,-34.26,-9.95
COM21,0.20242936427624927,3.06,38.15,-78.76
COM16,0.16715533864177642,-35.27,28.07,-86.0
COM18,0.16715533864177642,-33.29,17.02,-52.75
COM19,0.16715533864177642,3.83,51.09,-1.74
COM20,0.16715533864177642,36.1,8.82,-21.34
COM21,0.16715533864177642,-6.44,49.99,-68.54
COM16,0.09770501287171898,-38.92,2.12,-80.63
COM18,0.09770501287171898,-15.5,25.25,-42.28
COM19,0.09770501287171898,-62.94,11.31,-21.66
COM20,0.09770501287171898,-19.81,-33.74,-40.11
COM21,0.09770501287171898,-46.3,40.93,-76.09
COM16,0.10995328172780762,-35.35,-2.4,-84.41
COM18,0.10995328172780762,-30.96,25.17,-43.83
COM19,0.10995328172780762,2.78,7.03,-17.66
COM20,0.10995328172780762,38.16,-34.8,-37.29
COM21,0.10995328172780762,7.28,37.8,-64.43
COM16,0.28813921439172285,-34.06,39.68,-103.23
COM18,0.28813921439172285,-29.38,20.19,-41.91
COM19,0.28813921439172285,2.34,53.73,36.65
COM20,0.28813921439172285,36.86,9.72,16.47
COM21,0.28813921439172285,-11.53,50.33,-87.02
COM16,0.19721161539012164,-37.96,10.99,-94.48
COM18,0.19721161539012164,-12.64,28.1,-33.27
COM19,0.19721161539012164,-64.1,13.67,10.34
COM20,0.19721161539012164,-18.98,-32.97,-10.49
COM21,0.19721161539012164,-50.55,40.67,-91.01
COM16,0.13686104471067762,-35.73,26.33,-81.52
COM18,0.13686104471067762,-34.3,16.04,-54.61
COM19,0.13686104471067762,4.48,50.68,-11.35
COM20,0.13686104471067762,35.65,8.4,-30.2
COM21,0.13686104471067762,-4.77,49.85,-63.36
COM16,0.11647202355476484,-39.23,28.81,-76.57
COM18,0.11647202355476484,-19.57,15.88,-53.24
COM19,0.11647202355476484,-61.24,55.71,-17.86
COM20,0.11647202355476484,-22.66,9.73,-35.3
COM21,0.11647202355476484,-56.37,52.41,-73.61
COM16,0.13879155825917588,-35.3,26.58,-81.62
COM18,0.13879155825917588,-34.33,16.2,-54.31
COM19,0.13879155825917588,4.63,50.59,-10.43
COM20,0.13879155825917588,35.8,8.56,-29.76
COM21,0.13879155825917588,-4.83,49.56,-63.67
COM16,0.1353399007168298,-34.72,0.92,-87.17
COM18,0.1353399007168298,-29.87,26.37,-40.92
COM19,0.1353399007168298,2.37,6.91,-9.55
COM20,0.1353399007168298,38.49,-34.84,-29.46
COM21,0.1353399007168298,6.42,37.71,-68.54
COM16,0.016630486094305705,-39.52,-6.13,-68.97
COM18,0.016630486094305705,-18.3,23.33,-48.14
COM19,0.016630486094305705,-61.75,9.79,-46.29
COM20,0.016630486094305705,-20.44,-34.74,-64.36
COM21,0.016630486094305705,-42.24,40.61,-63.12
COM16,0.014449661329392481,-39.58,-6.31,-68.68
COM18,0.014449661329392481,-18.47,23.25,-48.31
COM19,0.014449661329392481,-61.49,9.74,-46.31
COM20,0.014449661329392481,-20.41,-34.33,-65.27
COM21,0.014449661329392481,-42.33,40.65,-62.8
COM16,0.07756918231469188,-35.52,-5.28,-79.7
COM18,0.07756918231469188,-32.45,24.82,-46.24
COM19,0.07756918231469188,3.23,6.33,-27.41
COM20,0.07756918231469188,38.01,-35.56,-47.09
COM21,0.07756918231469188,8.94,38.24,-58.63
COM16,0.0005763926525856222,-36.34,-12.03,-68.94
COM18,0.0005763926525856222,-34.33,22.29,-52.8
COM19,0.0005763926525856222,4.51,5.01,-50.41
COM20,0.0005763926525856222,37.39,-35.59,-69.91
COM21,0.0005763926525856222,12.04,38.07,-46.59
COM16,0.2972531378661316,-33.49,15.67,-110.09
COM18,0.2972531378661316,-25.15,30.09,-27.96
COM19,0.2972531378661316,-0.87,10.79,41.32
COM20,0.2972531378661316,40.35,-33.65,19.48
COM21,0.2972531378661316,-2.06,38.33,-93.26
COM16,0.1225885019494148,-35.54,25.03,-79.68
COM18,0.1225885019494148,-34.85,15.57,-55.48
COM19,0.1225885019494148,4.42,50.38,-15.21
COM20,0.1225885019494148,35.63,8.33,-34.18
COM21,0.1225885019494148,-4.32,49.89,-61.28
COM16,0.04823701402999333,-39.44,-3.6,-73.37
COM18,0.04823701402999333,-17.22,24.01,-45.83
COM19,0.04823701402999333,-62.2,10.65,-36.31
COM20,0.04823701402999333,-20.23,-34.25,-54.34
COM21,0.04823701402999333,-43.98,40.58,-67.92
COM16,0.27752049810570395,-34.35,38.63,-100.79
COM18,0.27752049810570395,-30.0,19.59,-43.04
COM19,0.27752049810570395,2.26,53.12,33.21
COM20,0.27752049810570395,37.08,9.32,13.44
COM21,0.27752049810570395,-11.25,50.04,-85.22
COM16,0.05509518423270721,-39.01,-2.72,-73.77
COM18,0.05509518423270721,-17.07,24.25,-45.05
COM19,0.05509518423270721,-61.86,10.65,-34.39
COM20,0.05509518423270721,-20.33,-34.22,-52.24
COM21,0.05509518423270721,-44.49,40.77,-68.86
COM16,0.1878400933061856,-37.9,10.31,-92.64
COM18,0.1878400933061856,-12.68,27.6,-34.19
COM19,0.1878400933061856,-64.18,13.48,7.29
COM20,0.1878400933061856,-19.23,-33.33,-12.68
COM21,0.1878400933061856,-50.17,40.94,-89.66
COM16,0.1939114441491585,-34.43,6.31,-95.79
COM18,0.1939114441491585,-28.2,27.6,-36.59
COM19,0.1939114441491585,1.46,8.62,9.23
COM20,0.1939114441491585,38.91,-34.51,-11.51
COM21,0.1939114441491585,3.41,38.38,-77.62
COM16,0.11344939542324237,-35.2,-2.01,-83.77
COM18,0.11344939542324237,-30.54,25.28,-43.15
COM19,0.11344939542324237,3.13,7.08,-16.11
COM20,0.11344939542324237,38.19,-34.73,-35.55
COM21,0.11344939542324237,7.44,38.37,-65.05
COM16,0.073745126716327,-35.52,-5.66,-79.29
COM18,0.073745126716327,-32.04,24.21,-47.15
COM19,0.073745126716327,3.68,6.38,-28.44
COM20,0.073745126716327,37.73,-35.07,-47.5
COM21,0.073745126716327,9.09,38.04,-58.58
COM16,0.038018625153803755,-36.31,16.43,-67.67
COM18,0.038018625153803755,-37.34,13.4,-62.9
COM19,0.038018625153803755,6.05,48.63,-41.55
COM20,0.038018625153803755,34.55,7.63,-59.02
COM21,0.038018625153803755,1.18,49.81,-47.94
COM16,0.1012904596988626,-38.68,2.7,-80.58
COM18,0.1012904596988626,-15.84,25.26,-41.84
COM19,0.1012904596988626,-63.27,11.6,-20.22
COM20,0.1012904596988626,-19.89,-33.92,-38.32
COM21,0.1012904596988626,-46.32,40.8,-76.48
COM16,0.06241708401335384,-39.57,24.05,-69.28
COM18,0.06241708401335384,-21.19,13.95,-57.7
COM19,0.06241708401335384,-60.71,54.51,-33.62
COM20,0.06241708401335384,-23.06,9.37,-51.47
COM21,0.06241708401335384,-54.2,52.84,-65.32
COM16,0.2519097964554091,-37.98,41.03,-95.65
COM18,0.2519097964554091,-15.2,19.68,-42.29
COM19,0.2519097964554091,-63.66,58.46,25.58
COM20,0.2519097964554091,-21.5,10.64,6.84
COM21,0.2519097964554091,-62.67,53.14,-94.93
COM16,0.21142705591470032,-37.77,12.79,-96.38
COM18,0.21142705591470032,-12.35,28.32,-31.74
COM19,0.21142705591470032,-64.76,13.75,15.18
COM20,0.21142705591470032,-19.05,-33.57,-5.42
COM21,0.21142705591470032,-51.13,41.02,-93.29
COM16,0.19604294658044547,-35.11,31.49,-89.63
COM18,0.19604294658044547,-32.32,17.33,-49.2
COM19,0.19604294658044547,3.54,51.74,8.31
COM20,0.19604294658044547,36.44,8.72,-11.52
COM21,0.19604294658044547,-7.33,50.17,-72.66
COM16,0.07587250827848359,-35.52,-5.88,-79.1
COM18,0.07587250827848359,-32.13,24.23,-45.24
COM19,0.07587250827848359,3.67,5.95,-27.54
COM20,0.07587250827848359,37.92,-35.58,-46.55
COM21,0.07587250827848359,9.1,37.96,-57.88
COM16,0.07358834424545464,-39.36,25.38,-70.61
COM18,0.07358834424545464,-20.8,14.48,-55.74
COM19,0.07358834424545464,-60.53,54.58,-30.61
COM20,0.07358834424545464,-23.19,9.39,-47.77
COM21,0.07358834424545464,-54.5,52.68,-67.38
COM16,0.12708360890998585,-38.33,4.83,-84.5
COM18,0.12708360890998585,-15.14,26.16,-38.62
COM19,0.12708360890998585,-63.11,12.22,-12.04
COM20,0.12708360890998585,-19.43,-33.9,-30.91
COM21,0.12708360890998585,-47.33,40.76,-79.54
COM16,0.2567856841587959,-37.59,41.56,-96.35
COM18,0.2567856841587959,-15.15,19.48,-41.34
COM19,0.2567856841587959,-63.74,58.71,26.89
COM20,0.2567856841587959,-21.27,10.35,8.16
COM21,0.2567856841587959,-62.99,53.0,-95.14
COM16,0.10047727258188151,-35.34,-3.24,-82.35
COM18,0.10047727258188151,-31.35,24.81,-43.98
COM19,0.10047727258188151,3.2,6.52,-20.34
COM20,0.10047727258188151,38.47,-35.57,-39.6
COM21,0.10047727258188151,7.95,37.88,-62.19
COM16,0.2340523437798004,-37.54,39.87,-92.95
COM18,0.2340523437798004,-15.83,18.88,-43.09
COM19,0.2340523437798004,-63.22,58.26,19.68
COM20,0.2340523437798004,-21.21,10.22,0.99
COM21,0.2340523437798004,-61.95,52.95,-91.95
COM16,0.085301670010695,-35.76,21.57,-73.93
COM18,0.085301670010695,-35.91,14.34,-58.19
COM19,0.085301670010695,5.25,49.69,-26.78
COM20,0.085301670010695,35.52,7.83,-45.53
COM21,0.085301670010695,-2.11,49.78,-54.88
COM16,0.16372703997748564,-37.43,32.51,-79.93
COM18,0.16372703997748564,-18.02,17.0,-49.18
COM19,0.16372703997748564,-62.15,56.82,-2.42
COM20,0.16372703997748564,-21.79,10.1,-20.75
COM21,0.16372703997748564,-58.18,52.72,-80.39
COM16,0.048085170952041886,-35.72,-7.84,-75.37
COM18,0.048085170952041886,-32.6,23.65,-48.47
COM19,0.048085170952041886,4.03,5.53,-36.45
COM20,0.048085170952041886,37.75,-35.69,-54.98
COM21,0.048085170952041886,9.76,37.76,-53.69
COM16,0.00311570799400831,-36.95,14.37,-62.52
COM18,0.00311570799400831,-38.57,12.52,-65.68
COM19,0.00311570799400831,6.79,48.13,-52.23
COM20,0.00311570799400831,34.15,7.53,-70.65
COM21,0.00311570799400831,2.36,49.97,-42.08
COM16,0.17956959771528214,-38.04,9.75,-91.49
COM18,0.17956959771528214,-13.94,27.43,-34.81
COM19,0.17956959771528214,-63.94,13.39,5.19
COM20,0.17956959771528214,-18.98,-33.71,-14.79
COM21,0.17956959771528214,-49.97,41.11,-87.77
COM16,0.138149715115435,-35.15,1.47,-87.84
COM18,0.138149715115435,-30.63,25.86,-41.25
COM19,0.138149715115435,2.74,7.45,-8.93
COM20,0.138149715115435,38.39,-35.15,-28.15
COM21,0.138149715115435,6.12,37.96,-68.16
COM16,0.211809191273971,-34.9,31.77,-92.2
COM18,0.211809191273971,-32.08,18.06,-48.11
COM19,0.211809191273971,3.29,52.33,12.81
COM20,0.211809191273971,36.08,8.93,-7.31
COM21,0.211809191273971,-8.02,50.21,-74.17
COM16,0.25385224469134593,-37.83,41.05,-96.0
COM18,0.25385224469134593,-15.64,19.78,-42.04
COM19,0.25385224469134593,-63.84,58.77,26.0
COM20,0.25385224469134593,-21.84,10.52,6.76
COM21,0.25385224469134593,-62.81,53.33,-94.85
COM16,0.0837558446176433,-38.95,0.53,-78.72
COM18,0.0837558446176433,-16.59,25.13,-42.99
COM19,0.0837558446176433,-62.62,11.04,-25.5
COM20,0.0837558446176433,-19.81,-34.21,-43.9
COM21,0.0837558446176433,-45.29,40.72,-73.37
COM16,0.06642606018129246,-39.18,-1.46,-76.31
COM18,0.06642606018129246,-16.98,24.43,-44.18
COM19,0.06642606018129246,-62.18,11.15,-30.93
COM20,0.06642606018129246,-20.08,-34.24,-49.75
COM21,0.06642606018129246,-44.49,40.48,-70.47
COM16,0.2065007555252013,-38.75,37.28,-89.65
COM18,0.2065007555252013,-16.82,18.1,-45.86
COM19,0.2065007555252013,-62.71,57.41,11.04
COM20,0.2065007555252013,-21.75,10.51,-8.17
COM21,0.2065007555252013,-60.92,52.82,-87.3
COM16,0.07941300592649236,-36.45,21.25,-73.9
COM18,0.07941300592649236,-36.25,14.21,-59.32
COM19,0.07941300592649236,5.44,49.51,-28.83
COM20,0.07941300592649236,34.91,8.05,-47.13
COM21,0.07941300592649236,-2.28,49.97,-53.58
COM16,0.271749743561795,-34.1,13.19,-106.97
COM18,0.271749743561795,-25.98,29.73,-29.55
COM19,0.271749743561795,0.49,9.93,33.1
COM20,0.271749743561795,39.85,-34.11,12.68
COM21,0.271749743561795,0.06,38.5,-89.11
COM16,0.14326169201686023,-34.87,1.6,-88.85
COM18,0.14326169201686023,-30.13,26.1,-40.45
COM19,0.14326169201686023,2.34,7.72,-7.99
COM20,0.14326169201686023,38.67,-34.86,-26.95
COM21,0.14326169201686023,5.68,38.01,-69.21
COM16,0.23303084611432323,-37.86,14.33,-99.48
COM18,0.23303084611432323,-11.56,28.82,-29.74
COM19,0.23303084611432323,-65.0,14.6,20.9
COM20,0.23303084611432323,-18.28,-33.02,1.62
COM21,0.23303084611432323,-52.07,41.15,-96.28
COM16,0.11253925739821546,-39.41,28.71,-76.21
COM18,0.11253925739821546,-19.63,15.68,-53.38
COM19,0.11253925739821546,-61.36,55.86,-19.08
COM20,0.11253925739821546,-22.61,9.76,-36.27
COM21,0.11253925739821546,-56.33,53.01,-73.16
COM16,0.1006021765364205,-35.84,23.26,-76.93
COM18,0.1006021765364205,-35.64,14.93,-57.42
COM19,0.1006021765364205,5.05,50.13,-22.43
COM20,0.1006021765364205,35.43,8.41,-41.0
COM21,0.1006021765364205,-3.11,49.75,-57.49
COM16,0.10997739474240971,-38.82,3.23,-82.29
COM18,0.10997739474240971,-15.58,25.5,-39.86
COM19,0.10997739474240971,-62.92,12.28,-17.73
COM20,0.10997739474240971,-19.44,-34.11,-36.54
COM21,0.10997739474240971,-46.83,40.93,-77.38
COM16,0.17434690785849744,-35.33,29.44,-87.32
COM18,0.17434690785849744,-33.05,17.0,-51.19
COM19,0.17434690785849744,3.92,51.51,1.68
COM20,0.17434690785849744,36.07,8.58,-18.4
COM21,0.17434690785849744,-6.99,50.33,-69.81
COM16,0.023654435053690758,-36.27,-10.14,-72.31
COM18,0.023654435053690758,-33.21,22.93,-50.54
COM19,0.023654435053690758,4.65,4.98,-44.18
COM20,0.023654435053690758,37.78,-35.41,-63.12
COM21,0.023654435053690758,10.85,38.18,-50.48
COM16,0.22429695589458207,-38.28,38.62,-91.8
COM18,0.22429695589458207,-16.0,18.27,-44.23
COM19,0.22429695589458207,-63.2,58.24,16.41
COM20,0.22429695589458207,-21.87,10.71,-2.99
COM21,0.22429695589458207,-61.92,53.22,-90.91
COM16,0.21793073416062217,-38.02,12.89,-97.34
COM18,0.21793073416062217,-11.71,28.55,-31.09
COM19,0.21793073416062217,-65.11,14.26,16.4
COM20,0.21793073416062217,-18.59,-33.33,-3.35
COM21,0.21793073416062217,-51.55,41.55,-94.37
COM16,0.052530189616330915,-40.04,23.18,-68.17
COM18,0.052530189616330915,-21.3,14.02,-58.16
COM19,0.052530189616330915,-60.33,54.55,-37.33
COM20,0.052530189616330915,-23.32,9.47,-54.47
COM21,0.052530189616330915,-54.01,52.96,-63.54
COM16,0.28238731062549965,-34.45,39.11,-102.13
COM18,0.28238731062549965,-29.76,19.83,-42.2
COM19,0.28238731062549965,2.08,53.69,34.76
COM20,0.28238731062549965,37.24,9.62,14.32
COM21,0.28238731062549965,-11.45,50.56,-86.6
COM16,0.22374485445395467,-38.66,39.01,-92.0
COM18,0.22374485445395467,-16.37,18.82,-43.57
COM19,0.22374485445395467,-63.1,57.94,16.73
COM20,0.22374485445395467,-21.75,10.53,-3.12
COM21,0.22374485445395467,-61.68,53.24,-90.59
COM16,0.28985136018311003,-34.29,40.13,-102.99
COM18,0.28985136018311003,-29.67,20.01,-41.46
COM19,0.28985136018311003,1.81,53.55,36.59
COM20,0.28985136018311003,37.36,9.5,17.1
COM21,0.28985136018311003,-11.72,50.42,-87.28
COM16,0.11365717016159133,-35.46,-1.98,-84.4
COM18,0.11365717016159133,-30.8,25.47,-42.42
COM19,0.11365717016159133,3.22,6.43,-17.54
COM20,0.11365717016159133,38.43,-35.28,-35.77
COM21,0.11365717016159133,7.25,38.21,-64.0
COM16,0.20397236962878615,-37.74,11.64,-95.05
COM18,0.20397236962878615,-12.56,28.08,-32.33
COM19,0.20397236962878615,-64.33,13.58,11.83
COM20,0.20397236962878615,-18.87,-32.93,-7.75
COM21,0.20397236962878615,-50.9,41.24,-91.59
COM16,0.24848926124399268,-38.05,40.94,-95.55
COM18,0.24848926124399268,-15.3,19.3,-41.77
COM19,0.24848926124399268,-63.93,58.39,23.88
COM20,0.24848926124399268,-21.23,10.78,5.93
COM21,0.24848926124399268,-62.81,52.98,-93.85
COM16,0.05886236858412218,-36.7,19.26,-70.29
COM18,0.05886236858412218,-36.59,14.09,-60.54
COM19,0.05886236858412218,5.66,49.05,-36.1
COM20,0.05886236858412218,34.9,7.89,-52.56
COM21,0.05886236858412218,-0.83,50.01,-51.11
COM16,0.18947526137238768,-38.38,35.88,-87.18
COM18,0.18947526137238768,-17.06,17.6,-46.48
COM19,0.18947526137238768,-62.56,56.68,5.57
COM20,0.18947526137238768,-22.02,10.29,-12.42
COM21,0.18947526137238768,-60.27,53.36,-85.03
COM16,0.13092757628945653,-38.48,4.92,-85.18
COM18,0.13092757628945653,-14.85,25.92,-38.07
COM19,0.13092757628945653,-63.41,11.93,-11.58
COM20,0.13092757628945653,-19.23,-33.63,-29.47
COM21,0.13092757628945653,-47.74,41.09,-80.7
COM16,0.2633152877030031,-37.83,42.21,-97.01
COM18,0.2633152877030031,-14.96,19.39,-40.67
COM19,0.2633152877030031,-63.56,58.1,28.2
COM20,0.2633152877030031,-21.1,10.98,10.25
COM21,0.2633152877030031,-63.45,52.71,-96.65
COM16,0.17400974761640092,-35.12,29.89,-86.66
COM18,0.17400974761640092,-33.05,16.84,-50.82
COM19,0.17400974761640092,4.07,51.12,0.49
COM20,0.17400974761640092,35.9,9.02,-18.23
COM21,0.17400974761640092,-6.67,49.82,-69.58
COM16,0.20104709242120603,-38.21,36.68,-88.96
COM18,0.20104709242120603,-16.98,17.79,-45.96
COM19,0.20104709242120603,-62.62,57.09,9.54
COM20,0.20104709242120603,-21.91,10.67,-9.13
COM21,0.20104709242120603,-60.87,52.9,-87.47
COM16,0.268213109787472,-37.54,42.37,-98.14
COM18,0.268213109787472,-15.19,19.59,-40.05
COM19,0.268213109787472,-63.63,58.85,30.33
COM20,0.268213109787472,-20.95,10.98,11.96
COM21,0.268213109787472,-63.7,52.99,-97.71
COM16,0.1897022158406598,-37.78,10.11,-93.72
COM18,0.1897022158406598,-12.61,27.58,-33.8
COM19,0.1897022158406598,-64.09,13.08,7.82
COM20,0.1897022158406598,-18.78,-33.58,-11.79
COM21,0.1897022158406598,-50.21,40.93,-89.51
COM16,0.26985671814649537,-34.12,37.84,-100.47
COM18,0.26985671814649537,-30.15,19.33,-43.53
COM19,0.26985671814649537,2.21,53.32,30.56
COM20,0.26985671814649537,36.81,9.43,11.61
COM21,0.26985671814649537,-11.14,50.44,-84.25
COM16,0.1621570439354098,-34.97,28.69,-84.98
COM18,0.1621570439354098,-33.39,16.39,-51.86
COM19,0.1621570439354098,3.92,50.99,-3.07
COM20,0.1621570439354098,36.28,8.72,-22.01
COM21,0.1621570439354098,-6.13,50.13,-67.82
COM16,0.029067873484548166,-36.25,16.49,-66.78
COM18,0.029067873484548166,-37.82,12.72,-63.28
COM19,0.029067873484548166,6.26,48.24,-44.2
COM20,0.029067873484548166,35.02,7.89,-61.77
COM21,0.029067873484548166,1.21,49.56,-46.45
COM16,0.14958580949341813,-35.04,2.18,-90.11
COM18,0.14958580949341813,-29.62,25.94,-39.3
COM19,0.14958580949341813,2.18,6.71,-5.45
COM20,0.14958580949341813,38.96,-34.84,-24.86
COM21,0.14958580949341813,5.36,37.91,-70.28
COM16,0.0989318971811917,-35.24,-3.55,-83.11
COM18,0.0989318971811917,-31.31,24.53,-43.94
COM19,0.0989318971811917,3.05,6.29,-21.12
COM20,0.0989318971811917,38.41,-35.14,-39.95
COM21,0.0989318971811917,7.08,37.14,-60.41
COM16,0.2037168387332063,-34.61,32.33,-90.94
COM18,0.2037168387332063,-32.53,17.46,-48.6
COM19,0.2037168387332063,3.47,51.96,10.89
COM20,0.2037168387332063,36.42,9.02,-10.09
COM21,0.2037168387332063,-8.13,49.94,-73.82
COM16,0.038292799651990984,-39.7,22.21,-66.52
COM18,0.038292799651990984,-22.0,13.44,-59.26
COM19,0.038292799651990984,-59.96,54.23,-41.76
COM20,0.038292799651990984,-23.53,9.17,-58.82
COM21,0.038292799651990984,-53.01,52.65,-61.4
COM16,0.142310640285754,-35.43,26.74,-82.49
COM18,0.142310640285754,-34.07,15.93,-53.52
COM19,0.142310640285754,4.62,50.62,-9.59
COM20,0.142310640285754,35.74,8.64,-27.6
COM21,0.142310640285754,-5.48,50.13,-64.42
COM16,0.12902137951425172,-38.45,5.45,-85.29
COM18,0.12902137951425172,-14.49,25.98,-38.53
COM19,0.12902137951425172,-62.91,11.96,-12.36
COM20,0.12902137951425172,-19.49,-33.69,-30.68
COM21,0.12902137951425172,-47.49,41.01,-80.65
COM16,0.09341065669321177,-35.26,-3.72,-81.99
COM18,0.09341065669321177,-31.34,24.43,-44.05
COM19,0.09341065669321177,3.26,6.17,-22.85
COM20,0.09341065669321177,38.07,-35.19,-40.89
COM21,0.09341065669321177,7.82,38.03,-61.96
COM16,0.2071392653480759,-34.64,32.89,-91.66
COM18,0.2071392653480759,-32.08,17.81,-48.6
COM19,0.2071392653480759,3.03,52.24,11.23
COM20,0.2071392653480759,36.42,8.98,-8.32
COM21,0.2071392653480759,-8.15,50.2,-75.13
COM16,0.002337891086317856,-39.56,-7.47,-68.12
COM18,0.002337891086317856,-18.83,23.0,-49.3
COM19,0.002337891086317856,-61.16,9.52,-51.07
COM20,0.002337891086317856,-20.54,-34.6,-67.73
COM21,0.002337891086317856,-41.84,40.9,-60.59
COM16,0.26788759516872157,-36.92,17.14,-105.07
COM18,0.26788759516872157,-10.6,29.59,-27.13
COM19,0.26788759516872157,-65.85,14.92,31.07
COM20,0.26788759516872157,-18.03,-33.03,12.01
COM21,0.26788759516872157,-53.52,41.18,-101.82
COM16,0.004467971997733955,-39.96,18.86,-61.6
COM18,0.004467971997733955,-23.35,12.51,-62.18
COM19,0.004467971997733955,-58.9,52.99,-53.05
COM20,0.004467971997733955,-23.58,9.06,-69.0
COM21,0.004467971997733955,-51.55,52.88,-56.04
COM16,0.07345106521285989,-35.36,-5.97,-79.86
COM18,0.07345106521285989,-30.82,23.47,-44.89
COM19,0.07345106521285989,3.77,5.53,-29.48
COM20,0.07345106521285989,38.26,-35.22,-47.68
COM21,0.07345106521285989,9.01,38.05,-57.72
COM16,0.14165556381812475,-37.98,6.22,-87.56
COM18,0.14165556381812475,-14.65,26.4,-37.46
COM19,0.14165556381812475,-61.37,11.96,-8.15
COM20,0.14165556381812475,-19.28,-33.38,-26.78
COM21,0.14165556381812475,-48.08,41.2,-81.81
COM16,0.050323477584765776,-35.37,-7.91,-76.79
COM18,0.050323477584765776,-32.8,23.35,-47.56
COM19,0.050323477584765776,3.58,5.32,-36.1
COM20,0.050323477584765776,37.92,-35.29,-54.57
COM21,0.050323477584765776,9.65,38.53,-53.72
COM16,0.21679577728732108,-34.54,33.32,-93.53
COM18,0.21679577728732108,-32.05,17.92,-46.7
COM19,0.21679577728732108,2.94,51.82,14.64
COM20,0.21679577728732108,36.51,9.13,-6.16
COM21,0.21679577728732108,-8.61,50.41,-75.34
COM16,0.25092502064043337,-36.89,16.02,-102.95
COM18,0.25092502064043337,-10.83,29.5,-27.17
COM19,0.25092502064043337,-65.33,14.64,25.7
COM20,0.25092502064043337,-18.03,-32.7,6.79
COM21,0.25092502064043337,-52.84,41.72,-99.07
COM16,0.20779601891282518,-34.5,32.64,-92.48
COM18,0.20779601891282518,-32.18,17.71,-47.87
COM19,0.20779601891282518,3.32,52.29,10.93
COM20,0.20779601891282518,36.34,9.12,-8.3
COM21,0.20779601891282518,-8.12,50.58,-74.13
COM16,0.15288709679427134,-38.11,7.15,-88.84
COM18,0.15288709679427134,-13.98,26.77,-36.23
COM19,0.15288709679427134,-63.32,12.43,-4.88
COM20,0.15288709679427134,-19.21,-33.41,-23.36
COM21,0.15288709679427134,-48.6,41.64,-83.82
COM16,0.2555886815253084,-37.62,40.35,-97.28
COM18,0.2555886815253084,-15.05,19.63,-40.79
COM19,0.2555886815253084,-63.49,58.41,25.86
COM20,0.2555886815253084,-21.21,10.79,8.29
COM21,0.2555886815253084,-63.08,53.55,-95.33
COM16,0.04701617803708663,-39.4,22.82,-67.75
COM18,0.04701617803708663,-21.12,13.9,-58.1
COM19,0.04701617803708663,-59.76,54.17,-39.74
COM20,0.04701617803708663,-23.96,9.47,-55.44
COM21,0.04701617803708663,-53.4,53.07,-62.83
COM16,0.09865984697234548,-35.5,-2.43,-82.88
COM18,0.09865984697234548,-30.75,25.02,-43.43
COM19,0.09865984697234548,3.09,6.26,-21.77
COM20,0.09865984697234548,38.0,-35.23,-40.24
COM21,0.09865984697234548,7.91,38.72,-62.05
COM16,0.2761705695359502,-37.5,43.1,-100.48
COM18,0.2761705695359502,-14.18,20.11,-39.08
COM19,0.2761705695359502,-63.75,59.24,33.11
COM20,0.2761705695359502,-21.21,10.92,13.46
COM21,0.2761705695359502,-63.85,53.52,-99.13
COM16,0.02222186104854762,-39.99,20.52,-64.56
COM18,0.02222186104854762,-22.1,13.6,-60.35
COM19,0.02222186104854762,-59.57,53.83,-46.9
COM20,0.02222186104854762,-23.19,9.42,-63.95
COM21,0.02222186104854762,-52.48,53.32,-59.09
COM16,0.1606652786506926,-35.43,28.63,-85.61
COM18,0.1606652786506926,-33.55,16.92,-51.43
COM19,0.1606652786506926,4.13,51.46,-4.03
COM20,0.1606652786506926,35.89,8.72,-22.23
COM21,0.1606652786506926,-5.92,50.39,-67.45
COM16,0.2812182367715537,-34.21,39.41,-102.27
COM18,0.2812182367715537,-29.53,19.87,-41.69
COM19,0.2812182367715537,1.96,53.58,34.44
COM20,0.2812182367715537,37.18,9.57,14.44
COM21,0.2812182367715537,-11.03,50.57,-85.75
COM16,0.09263513075688191,-39.1,27.23,-74.52
COM18,0.09263513075688191,-19.97,15.6,-54.28
COM19,0.09263513075688191,-61.24,55.43,-25.05
COM20,0.09263513075688191,-22.8,9.92,-42.12
COM21,0.09263513075688191,-55.36,52.82,-69.84
COM16,0.10469069511908285,-35.78,23.77,-77.86
COM18,0.10469069511908285,-35.31,15.42,-56.62
COM19,0.10469069511908285,4.84,50.08,-21.58
COM20,0.10469069511908285,35.49,8.6,-39.69
COM21,0.10469069511908285,-3.38,50.33,-58.22
COM16,0.1301177660811216,-35.45,25.85,-81.82
COM18,0.1301177660811216,-34.15,16.13,-54.5
COM19,0.1301177660811216,4.45,50.96,-13.49
COM20,0.1301177660811216,35.78,8.61,-31.65
COM21,0.1301177660811216,-4.16,50.37,-62.68
COM16,0.11422040744088408,-38.78,3.94,-83.82
COM18,0.11422040744088408,-14.61,26.25,-39.4
COM19,0.11422040744088408,-60.92,11.75,-16.8
COM20,0.11422040744088408,-19.51,-34.05,-34.05
COM21,0.11422040744088408,-46.22,41.0,-78.4
COM16,0.2587322016152655,-37.75,42.24,-97.23
COM18,0.2587322016152655,-15.08,19.68,-40.41
COM19,0.2587322016152655,-63.77,58.53,27.27
COM20,0.2587322016152655,-21.25,10.86,8.54
COM21,0.2587322016152655,-62.67,53.37,-96.43
COM16,0.19624061355928807,-34.61,6.74,-96.66
COM18,0.19624061355928807,-27.99,27.78,-35.07
COM19,0.19624061355928807,1.48,8.29,9.22
COM20,0.19624061355928807,39.02,-34.32,-11.25
COM21,0.19624061355928807,3.88,38.43,-77.3
COM16,0.05829968948642132,-36.34,19.78,-70.97
COM18,0.05829968948642132,-36.35,13.98,-59.85
COM19,0.05829968948642132,5.81,48.97,-36.46
COM20,0.05829968948642132,34.92,8.03,-53.08
COM21,0.05829968948642132,-0.3,50.36,-51.3
COM16,0.2559206278578015,-36.38,40.47,-93.5
COM18,0.2559206278578015,-15.1,19.75,-41.15
COM19,0.2559206278578015,-63.75,58.48,25.83
COM20,0.2559206278578015,-21.31,11.07,7.67
COM21,0.2559206278578015,-62.57,53.63,-95.67
COM16,0.26372403874200645,-37.64,42.58,-97.7
COM18,0.26372403874200645,-15.2,20.06,-40.82
COM19,0.26372403874200645,-63.78,58.53,28.54
COM20,0.26372403874200645,-21.31,11.17,10.03
COM21,0.26372403874200645,-63.24,53.57,-96.95
COM16,0.2494794170848343,-33.82,11.15,-103.55
COM18,0.2494794170848343,-26.3,29.52,-31.42
COM19,0.2494794170848343,0.58,9.31,25.91
COM20,0.2494794170848343,39.66,-34.0,5.64
COM21,0.2494794170848343,1.54,38.72,-85.53
COM16,0.05338015700926254,-35.58,-7.47,-76.35
COM18,0.05338015700926254,-32.62,24.09,-47.1
COM19,0.05338015700926254,3.78,5.49,-35.19
COM20,0.05338015700926254,37.26,-35.29,-53.97
COM21,0.05338015700926254,10.19,38.73,-55.11
COM16,0.1280161051888793,-35.73,25.63,-80.18
COM18,0.1280161051888793,-34.78,15.84,-54.5
COM19,0.1280161051888793,4.81,50.46,-13.86
COM20,0.1280161051888793,35.75,8.47,-32.9
COM21,0.1280161051888793,-4.1,50.19,-62.11
COM16,0.201644349455281,-37.84,11.69,-94.59
COM18,0.201644349455281,-12.82,28.23,-32.2
COM19,0.201644349455281,-64.51,13.49,10.55
COM20,0.201644349455281,-18.74,-33.07,-9.48
COM21,0.201644349455281,-50.25,41.43,-91.9
COM16,0.20986940590242742,-34.85,33.03,-90.98
COM18,0.20986940590242742,-31.85,18.27,-47.7
COM19,0.20986940590242742,3.59,52.08,11.92
COM20,0.20986940590242742,36.3,9.06,-8.43
COM21,0.20986940590242742,-7.81,50.41,-74.21
COM16,0.15007657551783773,-38.78,32.4,-81.0
COM18,0.15007657551783773,-18.51,16.68,-50.27
COM19,0.15007657551783773,-61.95,56.04,-7.69
COM20,0.15007657551783773,-22.02,10.28,-25.37
COM21,0.15007657551783773,-57.75,53.21,-78.62
COM16,0.1378457229830481,-38.91,31.48,-79.56
COM18,0.1378457229830481,-18.75,16.06,-51.02
COM19,0.1378457229830481,-61.67,55.65,-11.23
COM20,0.1378457229830481,-22.34,9.73,-28.68
COM21,0.1378457229830481,-56.98,53.22,-76.39
COM16,0.0505559417753064,-38.89,-3.09,-73.96
COM18,0.0505559417753064,-17.46,23.84,-45.2
COM19,0.0505559417753064,-61.84,10.36,-36.74
COM20,0.0505559417753064,-19.98,-34.62,-53.35
COM21,0.0505559417753064,-43.64,40.95,-67.56
COM16,0.29974376306442807,-33.45,15.69,-110.61
COM18,0.29974376306442807,-24.94,30.25,-26.96
COM19,0.29974376306442807,-1.21,10.07,41.02
COM20,0.29974376306442807,40.48,-33.76,21.15
COM21,0.29974376306442807,-2.11,38.56,-93.12
COM16,0.03877190689216873,-35.86,-8.42,-74.42
COM18,0.03877190689216873,-32.89,23.22,-48.83
COM19,0.03877190689216873,4.14,4.82,-39.9
COM20,0.03877190689216873,37.88,-35.32,-57.77
COM21,0.03877190689216873,10.41,38.03,-51.64
COM16,0.0249151089000462,-39.81,21.31,-64.24
COM18,0.0249151089000462,-22.44,13.2,-60.7
COM19,0.0249151089000462,-60.06,53.79,-46.39
COM20,0.0249151089000462,-23.7,9.16,-62.72
COM21,0.0249151089000462,-52.56,52.97,-58.9
COM16,0.1886727274818106,-37.93,35.75,-86.67
COM18,0.1886727274818106,-17.11,17.83,-46.48
COM19,0.1886727274818106,-63.19,56.84,5.46
COM20,0.1886727274818106,-21.93,10.29,-13.43
COM21,0.1886727274818106,-59.79,53.26,-84.55
COM16,0.1605448164761024,-35.12,28.45,-84.96
COM18,0.1605448164761024,-33.5,16.45,-51.52
COM19,0.1605448164761024,3.81,50.88,-4.11
COM20,0.1605448164761024,36.38,8.66,-22.85
COM21,0.1605448164761024,-5.63,50.13,-66.93
COM16,0.081668727220324,-39.34,26.02,-71.93
COM18,0.081668727220324,-19.82,14.4,-53.6
COM19,0.081668727220324,-60.98,54.75,-28.81
COM20,0.081668727220324,-22.88,9.64,-46.0
COM21,0.081668727220324,-54.97,53.08,-67.67
COM16,0.04575576145159314,-39.38,-3.44,-73.44
COM18,0.04575576145159314,-17.32,24.02,-45.19
COM19,0.04575576145159314,-62.19,10.28,-37.72
COM20,0.04575576145159314,-20.13,-34.03,-55.28
COM21,0.04575576145159314,-43.87,40.9,-67.25
COM16,0.22831289916161168,-34.55,34.73,-94.61
COM18,0.22831289916161168,-31.43,18.17,-46.43
COM19,0.22831289916161168,2.84,52.2,17.8
COM20,0.22831289916161168,36.52,9.33,-2.31
COM21,0.22831289916161168,-9.08,50.46,-77.62
COM16,0.0015723770715570518,-39.51,-7.39,-67.25
COM18,0.0015723770715570518,-18.67,23.07,-49.06
COM19,0.0015723770715570518,-61.48,9.12,-50.71
COM20,0.0015723770715570518,-20.29,-34.31,-68.66
COM21,0.0015723770715570518,-42.28,41.1,-60.2
COM16,0.10938954077366549,-39.09,3.42,-82.09
COM18,0.10938954077366549,-15.23,25.47,-39.58
COM19,0.10938954077366549,-63.21,11.89,-17.95
COM20,0.10938954077366549,-19.87,-33.96,-36.22
COM21,0.10938954077366549,-46.76,41.77,-77.18
COM16,0.09524856371333913,-36.17,23.08,-75.87
COM18,0.09524856371333913,-35.53,14.79,-57.25
COM19,0.09524856371333913,4.6,49.8,-24.46
COM20,0.09524856371333913,35.08,8.46,-41.77
COM21,0.09524856371333913,-3.3,50.43,-56.06
COM16,0.24889099645443705,-34.57,36.26,-97.81
COM18,0.24889099645443705,-30.63,19.03,-44.47
COM19,0.24889099645443705,2.35,52.63,23.93
COM20,0.24889099645443705,36.75,9.38,4.86
COM21,0.24889099645443705,-10.16,50.61,-80.04
COM16,0.11963175825585529,-35.78,25.0,-79.35
COM18,0.11963175825585529,-35.01,15.23,-55.37
COM19,0.11963175825585529,4.23,50.56,-16.96
COM20,0.11963175825585529,35.65,8.48,-34.86
COM21,0.11963175825585529,-4.67,50.42,-60.22
COM16,0.1638199915450411,-38.68,33.29,-83.72
COM18,0.1638199915450411,-18.1,16.79,-48.67
COM19,0.1638199915450411,-62.56,56.32,-3.36
COM20,0.1638199915450411,-22.04,10.22,-20.77
COM21,0.1638199915450411,-58.8,53.5,-80.85
COM16,0.10284192711019602,-39.19,27.82,-75.19
COM18,0.10284192711019602,-20.04,15.08,-53.74
COM19,0.10284192711019602,-61.73,55.38,-22.14
COM20,0.10284192711019602,-22.71,10.11,-38.54
COM21,0.10284192711019602,-56.09,53.34,-71.35
COM16,0.0945441920160365,-38.41,-18.29,-85.44
COM18,0.0945441920160365,-11.2,36.69,-25.57
COM19,0.0945441920160365,-65.61,-54.08,-19.84
COM20,0.0945441920160365,-15.46,-95.93,-38.88
COM21,0.0945441920160365,-32.51,24.1,-81.17
COM16,0.07569078234370534,-39.04,25.44,-71.32
COM18,0.07569078234370534,-20.82,14.3,-56.03
COM19,0.07569078234370534,-60.87,54.48,-30.59
COM20,0.07569078234370534,-23.17,10.06,-46.55
COM21,0.07569078234370534,-55.15,53.59,-67.25
